Nama_Pangan;Serat_g;Vitamin_C_mg;Vitamin_A_IU;Jenis;Skor_A;Skor_B;Skor_O;Skor_AB;Target_Pencegahan
Apple  ;1.3;4.0;38;Buah;0;0;0;0;Metabolisme Sel, Imun Dasar
Apricot  ;2.0;10.0;1926;Buah;1;1;0;1;Kesehatan Mata, Antioksidan
Avocado ;6.7;10.0;146;Buah;0;0;1;0;Kardiovaskular, Kolesterol
Banana  ;2.6;8.7;64;Buah;0;1;1;1;Masalah Pencernaan, Energi
Blackberries ;5.3;21.0;214;Buah;1;0;1;0;Pencernaan, Manajemen Kolesterol
Blueberry  ;2.4;9.7;54;Buah;0;0;0;0;Metabolisme Sel, Imun Dasar
Carambola or Starfruit;2.8;34.4;61;Buah;1;1;0;1;Imunitas, Detoksifikasi
Cherimoya fruit ;3.0;12.6;5;Buah;0;0;0;0;Metabolisme Sel, Imun Dasar
Cherry fruit  ;2.1;7.0;64;Buah;0;0;0;0;Metabolisme Sel, Imun Dasar
Clementine;1.7;48.8;0;Buah;1;1;0;1;Imunitas, Detoksifikasi
Cranberries;4.6;13.3;60;Buah;1;0;1;0;Pencernaan, Manajemen Kolesterol
Currants Black;0.0;181.0;230;Buah;1;1;0;1;Imunitas, Detoksifikasi
Currants, Red and White;4.3;41.0;42;Buah;1;1;0;1;Imunitas, Detoksifikasi
Dates, deglet noor;8.0;0.4;10;Buah;1;0;1;0;Pencernaan, Manajemen Kolesterol
Dates, medjool;6.7;0.0;149;Buah;1;0;1;0;Pencernaan, Manajemen Kolesterol
Durian ;3.8;19.7;44;Buah;1;0;1;0;Pencernaan, Manajemen Kolesterol
Figs, raw;2.9;2.0;142;Buah;0;0;0;0;Metabolisme Sel, Imun Dasar
Grapefruit, pink and red;1.6;31.2;1150;Buah;1;1;0;1;Kesehatan Mata, Antioksidan
Grapefruit, white;1.1;33.3;33;Buah;1;1;0;1;Imunitas, Detoksifikasi
Grapes, red or green;0.9;10.8;66;Buah;0;0;0;0;Metabolisme Sel, Imun Dasar
Groundcherries or Cape Gooseberries;0.0;11.0;720;Buah;0;0;0;0;Metabolisme Sel, Imun Dasar
Guava  ;5.4;228.3;624;Buah;1;1;0;1;Imunitas, Detoksifikasi
Gooseberries;4.3;27.7;290;Buah;1;0;1;0;Pencernaan, Manajemen Kolesterol
Jackfruit ;1.6;6.7;297;Buah;0;0;0;0;Metabolisme Sel, Imun Dasar
Kiwifruit, gold;2.0;105.4;72;Buah;1;1;0;1;Imunitas, Detoksifikasi
Kiwifruit, green;3.0;92.7;87;Buah;1;1;0;1;Imunitas, Detoksifikasi
Kumquat ;6.5;43.9;290;Buah;1;1;0;1;Imunitas, Detoksifikasi
Lemon with peel;4.7;77.0;30;Buah;-1;1;-1;0;Imunitas, Vitamin C
Lime ;2.8;29.1;50;Buah;-1;1;-1;0;Imunitas, Vitamin C
Litchis or Lychees ;1.3;71.5;0;Buah;1;1;0;1;Imunitas, Detoksifikasi
Mandarin-Clementine ;1.7;48.8;0;Buah;1;1;0;1;Imunitas, Detoksifikasi
Mandarin-Tangerine ;1.8;26.7;681;Buah;0;0;0;0;Metabolisme Sel, Imun Dasar
Mango  ;1.8;27.7;765;Buah;0;0;0;0;Metabolisme Sel, Imun Dasar
Melons, cantaloupe;0.9;36.7;3382;Buah;1;1;0;1;Kesehatan Mata, Antioksidan
Melons, casaba;0.9;21.8;0;Buah;0;0;0;0;Metabolisme Sel, Imun Dasar
Melons, honeydew;0.8;18.0;50;Buah;0;0;0;0;Metabolisme Sel, Imun Dasar
Mulberries, raw;1.7;36.4;25;Buah;1;1;0;1;Imunitas, Detoksifikasi
Nectarine ;1.7;5.4;332;Buah;0;0;0;0;Metabolisme Sel, Imun Dasar
Oranges  ;2.4;53.2;225;Buah;-1;1;-1;0;Imunitas, Vitamin C
Papaya ;1.8;61.8;1094;Buah;1;1;0;1;Kesehatan Mata, Antioksidan
Passion fruit ;10.4;30.0;1272;Buah;1;1;0;1;Kesehatan Mata, Antioksidan
Peaches ;1.5;6.6;326;Buah;0;0;0;0;Metabolisme Sel, Imun Dasar
Pear ;3.1;4.2;23;Buah;1;0;1;0;Pencernaan, Manajemen Kolesterol
Persimmons, native;0.0;66.0;0;Buah;1;1;0;1;Imunitas, Detoksifikasi
Pineapple ;1.4;47.8;58;Buah;1;0;-1;1;Pencernaan, Anti-inflamasi
Plum ;1.4;9.5;345;Buah;0;0;0;0;Metabolisme Sel, Imun Dasar
Pomegranate  ;4.0;10.2;0;Buah;1;0;1;0;Pencernaan, Manajemen Kolesterol
Quince fruit;1.9;15.0;40;Buah;0;0;0;0;Metabolisme Sel, Imun Dasar
Raspberry ;6.5;26.2;33;Buah;1;0;1;0;Pencernaan, Manajemen Kolesterol
Strawberry  ;2.0;58.8;12;Buah;1;1;0;1;Imunitas, Detoksifikasi
Tangerine ;1.8;26.7;681;Buah;0;0;0;0;Metabolisme Sel, Imun Dasar
Watermelon  ;0.4;8.1;569;Buah;0;0;0;0;Metabolisme Sel, Imun Dasar
Beet greens, raw;4.33;30.0;6326;Sayur;1;0;1;1;Kardiovaskular, Anemia
Beet greens, cooked;2.9;24.9;7654;Sayur;1;0;1;1;Kardiovaskular, Anemia
Broccoli raab or Broccoli rabe, raw;2.7;20.2;2622;Sayur;1;1;1;1;Diabetes, Kanker
Broccoli raab or Broccoli rabe, cooked;2.8;37.0;4533;Sayur;1;1;1;1;Diabetes, Kanker
Brussels Sprouts, raw;3.8;85.0;754;Sayur;1;1;0;1;Imunitas, Detoksifikasi
Brussels Sprouts, cooked;2.6;62.0;775;Sayur;1;1;0;1;Imunitas, Detoksifikasi
Cabbage, chinese or pak-choi, raw;1.0;45.0;4468;Sayur;-1;-1;-1;-1;Masalah Pencernaan
Cabbage, common, raw;2.3;51.0;126;Sayur;-1;-1;-1;-1;Masalah Pencernaan
Cabbage, common, cooked;1.9;37.5;80;Sayur;-1;-1;-1;-1;Masalah Pencernaan
Cabbage, red, raw;2.1;57.0;1116;Sayur;-1;-1;-1;-1;Masalah Pencernaan
Cabbage, red, cooked;2.6;34.4;33;Sayur;-1;-1;-1;-1;Masalah Pencernaan
Cabbage, savoy, raw;3.1;31.0;1000;Sayur;-1;-1;-1;-1;Masalah Pencernaan
Cabbage, savoy, cooked;2.8;17.0;889;Sayur;-1;-1;-1;-1;Masalah Pencernaan
Celery, raw;1.6;3.1;449;Sayur;0;0;0;0;Metabolisme Sel, Imun Dasar
Celery, cooked;1.6;6.1;521;Sayur;0;0;0;0;Metabolisme Sel, Imun Dasar
Chard, swiss, raw;1.6;3.0;6116;Sayur;1;1;0;1;Kesehatan Mata, Antioksidan
Chard, swiss, cooked;2.1;18.0;6124;Sayur;1;1;0;1;Kesehatan Mata, Antioksidan
Cress, garden, raw;1.1;69.0;6971;Sayur;1;1;0;1;Kesehatan Mata, Antioksidan
Cress, garden, cooked;0.7;23.0;4649;Sayur;1;1;0;1;Kesehatan Mata, Antioksidan
Dandelion greens, raw;3.5;35.0;10161;Sayur;1;0;1;1;Kardiovaskular, Anemia
Dandelion greens, cooked;2.9;18.0;6837;Sayur;1;0;1;1;Kardiovaskular, Anemia
Endive, raw;3.1;6.5;2167;Sayur;1;1;0;1;Kesehatan Mata, Antioksidan
Kale, raw;2.0;120.0;15376;Sayur;1;1;0;1;Kesehatan Mata, Antioksidan
Kale, cooked;2.0;41.0;13621;Sayur;1;1;0;1;Kesehatan Mata, Antioksidan
Lettuce, butterhead, raw;1.1;3.7;3312;Sayur;1;1;0;1;Kesehatan Mata, Antioksidan
Lettuce, cos or romaine, raw;2.1;4.0;8710;Sayur;1;1;0;1;Kesehatan Mata, Antioksidan
Lettuce, green leaf, raw;1.3;9.2;7405;Sayur;1;1;0;1;Kesehatan Mata, Antioksidan
Lettuce, iceberg (includes crisphead types), raw;1.2;2.8;502;Sayur;0;0;0;0;Metabolisme Sel, Imun Dasar
Lettuce, red leaf, raw;0.9;3.7;7492;Sayur;1;1;0;1;Kesehatan Mata, Antioksidan
Radicchio, raw;0.9;8.0;27;Sayur;0;0;0;0;Metabolisme Sel, Imun Dasar
Sorrel or spinach dock, raw;2.9;48.0;4000;Sayur;1;0;1;1;Kardiovaskular, Anemia
Sorrel or spinach dock, cooked;2.6;26.3;3474;Sayur;1;0;1;1;Kardiovaskular, Anemia
Spinach, raw;2.2;28.1;9377;Sayur;1;0;1;1;Kardiovaskular, Anemia
Spinach, cooked;2.4;9.8;10481;Sayur;1;0;1;1;Kardiovaskular, Anemia
Cucumber, with peel, raw;0.5;2.8;105;Sayur;0;0;0;0;Metabolisme Sel, Imun Dasar
Eggplant or Aubergine, raw;3.4;2.2;27;Sayur;1;0;1;0;Pencernaan, Manajemen Kolesterol
Eggplant or Aubergine, cooked;2.5;1.3;37;Sayur;0;0;0;0;Metabolisme Sel, Imun Dasar
Peppers, sweet, green, raw;1.7;80.4;370;Sayur;1;1;0;1;Imunitas, Detoksifikasi
Peppers, sweet, green, cooked;1.2;74.4;468;Sayur;1;1;0;1;Imunitas, Detoksifikasi
Peppers, sweet, red, raw;2.1;127.7;3131;Sayur;1;1;0;1;Kesehatan Mata, Antioksidan
Peppers, sweet, red, cooked;1.2;171.0;2941;Sayur;1;1;0;1;Kesehatan Mata, Antioksidan
Peppers, sweet, yellow, raw;0.9;183.5;200;Sayur;1;1;0;1;Imunitas, Detoksifikasi
Pumpkin, raw;0.5;9.0;7384;Sayur;1;1;0;1;Kesehatan Mata, Antioksidan
Pumpkin, cooked;1.1;4.7;4992;Sayur;1;1;0;1;Kesehatan Mata, Antioksidan
Squash, summer, zucchini or courgette, includes skin, raw;1.0;17.9;200;Sayur;0;0;0;0;Metabolisme Sel, Imun Dasar
Squash, summer, zucchini or courgette, includes skin, cooked;1.0;12.9;1117;Sayur;1;1;0;1;Kesehatan Mata, Antioksidan
Squash, winter, butternut, raw;2.0;21.0;10630;Sayur;1;1;0;1;Kesehatan Mata, Antioksidan
Squash, winter, butternut, baked;3.2;15.1;11155;Sayur;1;1;0;1;Kesehatan Mata, Antioksidan
Sweet corn, cooked;2.4;5.5;263;Sayur;0;0;0;0;Metabolisme Sel, Imun Dasar
Tomatoes, red, ripe, raw;1.2;13.7;833;Sayur;-1;-1;0;0;Kardiovaskular
Tomatoes, red, ripe, stewed;1.7;18.2;666;Sayur;-1;-1;0;0;Kardiovaskular
Artichokes, cooked;8.6;7.4;13;Sayur;1;0;1;0;Pencernaan, Manajemen Kolesterol
Broccoli, raw;2.6;89.2;623;Sayur;1;1;1;1;Diabetes, Kanker
Broccoli, cooked;3.3;64.9;1548;Sayur;1;1;1;1;Diabetes, Kanker
Cauliflower, raw;2.0;48.2;0;Sayur;1;1;0;1;Imunitas, Detoksifikasi
Cauliflower, cooked;2.3;44.3;12;Sayur;1;1;0;1;Imunitas, Detoksifikasi
Broadbeans, cooked;5.4;0.3;15;Sayur;1;0;1;0;Pencernaan, Manajemen Kolesterol
Chickpeas, cooked;7.6;1.3;27;Sayur;1;0;1;0;Pencernaan, Manajemen Kolesterol
French beans, cooked;9.4;1.2;3;Sayur;1;0;1;0;Pencernaan, Manajemen Kolesterol
Kidney beans, cooked;6.4;1.2;0;Sayur;1;0;1;0;Pencernaan, Manajemen Kolesterol
Lentils, cooked;7.9;1.5;8;Sayur;1;0;1;0;Pencernaan, Manajemen Kolesterol
Navy beans, cooked;10.5;0.9;0;Sayur;1;0;1;0;Pencernaan, Manajemen Kolesterol
Okra, cooked;2.5;16.3;283;Sayur;0;0;0;0;Metabolisme Sel, Imun Dasar
Peas, green, raw;5.1;40.0;765;Sayur;1;1;0;1;Imunitas, Detoksifikasi
Peas, green, cooked;5.5;14.2;801;Sayur;1;0;1;0;Pencernaan, Manajemen Kolesterol
Peanuts, dry-roasted;8.0;0.0;0;Sayur;1;0;1;0;Pencernaan, Manajemen Kolesterol
Pinto beans, cooked;9.0;0.8;0;Sayur;1;0;1;0;Pencernaan, Manajemen Kolesterol
Soybeans, cooked;6.0;1.7;9;Sayur;1;0;1;0;Pencernaan, Manajemen Kolesterol
Asparagus, cooked;2.0;7.7;1006;Sayur;1;1;0;1;Kesehatan Mata, Antioksidan
Celeriac, raw;1.8;8.0;0;Sayur;0;0;0;0;Metabolisme Sel, Imun Dasar
Celeriac, cooked;1.2;3.6;0;Sayur;0;0;0;0;Metabolisme Sel, Imun Dasar
Celery, raw;1.6;3.1;449;Sayur;0;0;0;0;Metabolisme Sel, Imun Dasar
Celery, cooked;1.6;6.1;521;Sayur;0;0;0;0;Metabolisme Sel, Imun Dasar
Garlic, raw;2.1;31.2;9;Sayur;1;1;0;1;Imunitas, Detoksifikasi
Fennel, raw;3.1;12.0;134;Sayur;1;0;1;0;Pencernaan, Manajemen Kolesterol
Kohlrabi, raw;3.6;62.0;36;Sayur;1;1;0;1;Imunitas, Detoksifikasi
Kohlrabi, cooked;1.1;54.0;35;Sayur;1;1;0;1;Imunitas, Detoksifikasi
Leeks, raw;1.8;12.0;1667;Sayur;1;1;0;1;Kesehatan Mata, Antioksidan
Leeks, cooked;1.0;4.2;812;Sayur;0;0;0;0;Metabolisme Sel, Imun Dasar
Onions, raw;1.7;7.4;2;Sayur;0;0;0;0;Metabolisme Sel, Imun Dasar
Onions, cooked;1.4;5.2;2;Sayur;0;0;0;0;Metabolisme Sel, Imun Dasar
Spring onion or scallions, raw;2.6;18.8;997;Sayur;0;0;0;0;Metabolisme Sel, Imun Dasar
Shallots, raw;0.0;8.0;1190;Sayur;1;1;0;1;Kesehatan Mata, Antioksidan
Beetroots or beets, raw;2.8;4.9;33;Sayur;0;0;0;0;Metabolisme Sel, Imun Dasar
Beetroots or beets, cooked;2.0;3.6;35;Sayur;0;0;0;0;Metabolisme Sel, Imun Dasar
Carrots, raw;2.8;5.9;16706;Sayur;1;1;0;1;Hipertensi, Kesehatan Mata
Carrots, cooked;3.0;3.6;17033;Sayur;1;1;0;1;Hipertensi, Kesehatan Mata
Ginger root, raw;2.0;5.0;0;Sayur;0;0;0;0;Metabolisme Sel, Imun Dasar
Parsnips, cooked;3.6;13.0;0;Sayur;1;0;1;0;Pencernaan, Manajemen Kolesterol
Potatoes, cooked without skin;1.8;7.4;3;Sayur;0;0;0;0;Metabolisme Sel, Imun Dasar
Radishes, raw;1.6;14.8;7;Sayur;0;0;0;0;Metabolisme Sel, Imun Dasar
Sweet Potato, cooked;2.5;12.8;15740;Sayur;1;1;0;1;Kesehatan Mata, Antioksidan
Turnips or swede, raw;1.8;21.0;0;Sayur;0;0;0;0;Metabolisme Sel, Imun Dasar
Turnips or swede, cooked;2.0;11.6;0;Sayur;0;0;0;0;Metabolisme Sel, Imun Dasar
Wasabi, root, raw;7.8;41.9;35;Sayur;1;1;0;1;Imunitas, Detoksifikasi
Yam, cooked;3.9;12.1;122;Sayur;1;0;1;0;Pencernaan, Manajemen Kolesterol
